[
  {
    "idPosicao": -20272260547,
    "Frota": "FL 3007",
    "Placa": "JXG 4736",
    "Modelo": "RANDONSP SRFG CG",
    "Data": "14/07/2025 20:03:04",
    "Velocidade": 0,
    "Satelite": 5,
    "Ignicao": "Desligado",
    "Direcao": "Norte",
    "UF": "SP",
    "Cidade": "Campinas",
    "Bairro": "Distrito Industrial",
    "Endereco": "Avenida Mercedes Benz",
    "Numero": 1127,
    "CEP": "13054740",
    "Latitude": "-22,995892",
    "Longitude": "-47,131315",
    "idEquipamento": 20210325175737,
    "idVeiculo": 20230119101206,
    "Bloqueio": "Desligado",
    "BatBackup": "Desligado",
    "Odometro": 1848,
    "Hourmeter": 0
  },
  {
    "idPosicao": -20494096073,
    "Frota": "FL 3024",
    "Placa": "JXN 6747",
    "Modelo": "RANDONSP SRFG CG",
    "Data": "22/07/2025 19:23:41",
    "Velocidade": 0,
    "Satelite": 7,
    "Ignicao": "Desligado",
    "Direcao": "Norte",
    "UF": "PA",
    "Cidade": "Ananindeua",
    "Bairro": "Levilandia",
    "Endereco": "Rua Belo Horizonte",
    "Numero": 116,
    "CEP": "67000000",
    "Latitude": "-1,376812",
    "Longitude": "-48,402643",
    "idEquipamento": 20230228161253,
    "idVeiculo": 20230119101210,
    "Bloqueio": "Desligado",
    "BatBackup": "Ligado",
    "Odometro": 78135,
    "Hourmeter": 0
  },
  {
    "idPosicao": -22549210131,
    "Frota": "FT 3143",
    "Placa": "JXP 3907",
    "Modelo": "RANDON SR FG",
    "Data": "30/09/2025 21:52:56",
    "Velocidade": 0,
    "Satelite": 11,
    "Ignicao": "Desligado",
    "Direcao": "Oeste",
    "UF": "AM",
    "Cidade": "Manaus",
    "Bairro": "Distrito Industrial I",
    "Endereco": "Avenida Buriti",
    "Numero": 1296,
    "CEP": "69075000",
    "Latitude": "-3,121728",
    "Longitude": "-59,979785",
    "idEquipamento": 20200403164001,
    "idVeiculo": 20230516071547,
    "Bloqueio": "Desligado",
    "BatBackup": "Ligado",
    "Odometro": 53805,
    "Hourmeter": 0
  },
  {
    "idPosicao": -24592572922,
    "Frota": "FT 3317",
    "Placa": "NOJ 0300",
    "Modelo": "RANDONSP SRFG CG",
    "Data": "06/12/2025 18:31:37",
    "Velocidade": 0,
    "Satelite": 6,
    "Ignicao": "Desligado",
    "Direcao": "Leste",
    "UF": "SP",
    "Cidade": "Campinas",
    "Bairro": "Distrito Industrial",
    "Endereco": "Avenida Mercedes Benz",
    "Numero": 955,
    "CEP": "13054740",
    "Latitude": "-22,994007",
    "Longitude": "-47,130434",
    "idEquipamento": 20211129174053,
    "idVeiculo": 20230516072145,
    "Bloqueio": "Desligado",
    "BatBackup": "Ligado",
    "Odometro": 64289,
    "Hourmeter": 0
  },
  {
    "idPosicao": -25762128229,
    "Frota": "3268",
    "Placa": "JXO 2114",
    "Modelo": "RANDON SRFG CG",
    "Data": "15/01/2026 00:59:30",
    "Velocidade": 0,
    "Satelite": 15,
    "Ignicao": "Desligado",
    "Direcao": "Leste",
    "UF": "AM",
    "Cidade": "Manaus",
    "Bairro": "Distrito Industrial I",
    "Endereco": "Rua Tambaqui",
    "Numero": 113,
    "CEP": "69075210",
    "Latitude": "-3,122558",
    "Longitude": "-59,979387",
    "idEquipamento": 20250917122855,
    "idVeiculo": 20260115095248,
    "Bloqueio": "Desligado",
    "BatBackup": "Desligado",
    "Odometro": 54,
    "Hourmeter": 3360
  },
  {
    "idPosicao": 26844341587,
    "Frota": "FT 3444",
    "Placa": "NOL 2802",
    "Modelo": "RANDONSP SRFG CG",
    "Data": "17/02/2026 21:20:39",
    "Velocidade": 7,
    "Satelite": 8,
    "Ignicao": "Desligado",
    "Direcao": "Sudoeste",
    "UF": "PA",
    "Cidade": "Santarém",
    "Bairro": "",
    "Endereco": "Sem Nome",
    "Numero": 0,
    "CEP": "00000000",
    "Latitude": "-2,441634",
    "Longitude": "-54,532275",
    "idEquipamento": 20230228161256,
    "idVeiculo": 20230119101126,
    "Bloqueio": "Desligado",
    "BatBackup": "Ligado",
    "Odometro": 100564,
    "Hourmeter": 0
  },
  {
    "idPosicao": 26808258650,
    "Frota": "3434",
    "Placa": "JXU 3061 S",
    "Modelo": "RANDONSP SRFG CG",
    "Data": "16/02/2026 14:54:44",
    "Velocidade": 9,
    "Satelite": 15,
    "Ignicao": "Ligado",
    "Direcao": "Oeste",
    "UF": "PA",
    "Cidade": "Altamira",
    "Bairro": "Centro",
    "Endereco": "Rua Coronel José Porfírio",
    "Numero": 0,
    "CEP": "68330000",
    "Latitude": "-1,600975",
    "Longitude": "-52,681316",
    "idEquipamento": 20250917122856,
    "idVeiculo": 20260112163725,
    "Bloqueio": "Desligado",
    "BatBackup": "Desligado",
    "Odometro": 1129,
    "Hourmeter": 7740
  },
  {
    "idPosicao": 26817924761,
    "Frota": "0",
    "Placa": "JXW 4385",
    "Modelo": "CARRETA BAU",
    "Data": "16/02/2026 21:57:24",
    "Velocidade": 0,
    "Satelite": 9,
    "Ignicao": "Ligado",
    "Direcao": "Norte",
    "UF": "SP",
    "Cidade": "Campinas",
    "Bairro": "Distrito Industrial",
    "Endereco": "Rua dos Metalúrgicos",
    "Numero": 751,
    "CEP": "00013054",
    "Latitude": "-22,995618",
    "Longitude": "-47,129831",
    "idEquipamento": 20251203082782,
    "idVeiculo": 20260128175835,
    "Bloqueio": "Desligado",
    "BatBackup": "Desligado",
    "Odometro": 0,
    "Hourmeter": 2820
  },
  {
    "idPosicao": 26860665410,
    "Frota": "0",
    "Placa": "NOS 8903",
    "Modelo": "RANDON SRFG SG",
    "Data": "18/02/2026 12:03:02",
    "Velocidade": 0,
    "Satelite": 11,
    "Ignicao": "Desligado",
    "Direcao": "Norte",
    "UF": "SP",
    "Cidade": "Campinas",
    "Bairro": "Distrito Industrial",
    "Endereco": "Avenida Mercedes Benz",
    "Numero": 751,
    "CEP": "00013054",
    "Latitude": "-22,995893",
    "Longitude": "-47,129631",
    "idEquipamento": 20251203082611,
    "idVeiculo": 20260128175846,
    "Bloqueio": "Desligado",
    "BatBackup": "Desligado",
    "Odometro": 228,
    "Hourmeter": 2640
  },
  {
    "idPosicao": 26859704383,
    "Frota": "3305",
    "Placa": "JXQ 6153",
    "Modelo": "RANDON SRFG CG",
    "Data": "18/02/2026 11:31:07",
    "Velocidade": 0,
    "Satelite": 15,
    "Ignicao": "Desligado",
    "Direcao": "Sudeste",
    "UF": "PA",
    "Cidade": "Belém",
    "Bairro": "Pratinha (Icoaraci)",
    "Endereco": "Rodovia Artur Bernardes",
    "Numero": 350,
    "CEP": "00066825",
    "Latitude": "-1,355887",
    "Longitude": "-48,479102",
    "idEquipamento": 20250917122853,
    "idVeiculo": 20260115102506,
    "Bloqueio": "Desligado",
    "BatBackup": "Desligado",
    "Odometro": 7538,
    "Hourmeter": 16680
  },
  {
    "idPosicao": 26849368494,
    "Frota": "FT 3427",
    "Placa": "OAI 0190",
    "Modelo": "RANDONSP SRFG CG",
    "Data": "18/02/2026 04:15:16",
    "Velocidade": 0,
    "Satelite": 7,
    "Ignicao": "Desligado",
    "Direcao": "Norte",
    "UF": "PA",
    "Cidade": "Ananindeua",
    "Bairro": "Levilandia",
    "Endereco": "Rua Belo Horizonte",
    "Numero": 925,
    "CEP": "67015623",
    "Latitude": "-1,378565",
    "Longitude": "-48,401941",
    "idEquipamento": 20230228161270,
    "idVeiculo": 20230119101013,
    "Bloqueio": "Desligado",
    "BatBackup": "Ligado",
    "Odometro": 141970,
    "Hourmeter": 0
  },
  {
    "idPosicao": 26849644347,
    "Frota": "0",
    "Placa": "JXB 7411",
    "Modelo": "CARRETA BAU",
    "Data": "18/02/2026 04:39:27",
    "Velocidade": 0,
    "Satelite": 10,
    "Ignicao": "Desligado",
    "Direcao": "Sudoeste",
    "UF": "SP",
    "Cidade": "Campinas",
    "Bairro": "Distrito Industrial",
    "Endereco": "Avenida Mercedes Benz",
    "Numero": 751,
    "CEP": "00013054",
    "Latitude": "-22,99586",
    "Longitude": "-47,129604",
    "idEquipamento": 20251203082554,
    "idVeiculo": 20260128175827,
    "Bloqueio": "Desligado",
    "BatBackup": "Desligado",
    "Odometro": 805,
    "Hourmeter": 3960
  },
  {
    "idPosicao": 26854574582,
    "Frota": "0",
    "Placa": "JXB 6621",
    "Modelo": "RANDON SR FG",
    "Data": "18/02/2026 08:40:46",
    "Velocidade": 0,
    "Satelite": 15,
    "Ignicao": "Desligado",
    "Direcao": "Norte",
    "UF": "AM",
    "Cidade": "Manaus",
    "Bairro": "Distrito Industrial I",
    "Endereco": "Avenida Buriti",
    "Numero": 1248,
    "CEP": "69075000",
    "Latitude": "-3,122117",
    "Longitude": "-59,97988",
    "idEquipamento": 20250917122838,
    "idVeiculo": 20260211140523,
    "Bloqueio": "Desligado",
    "BatBackup": "Desligado",
    "Odometro": 0,
    "Hourmeter": 1560
  },
  {
    "idPosicao": 26854211302,
    "Frota": "3426",
    "Placa": "OAJ 0690 S",
    "Modelo": "RANDONSP SRFG CG",
    "Data": "18/02/2026 08:27:54",
    "Velocidade": 0,
    "Satelite": 15,
    "Ignicao": "Desligado",
    "Direcao": "Norte",
    "UF": "AM",
    "Cidade": "Manaus",
    "Bairro": "Distrito Industrial I",
    "Endereco": "Rua Tambaqui",
    "Numero": 71,
    "CEP": "69075210",
    "Latitude": "-3,122358",
    "Longitude": "-59,979649",
    "idEquipamento": 20250917122842,
    "idVeiculo": 20260112163408,
    "Bloqueio": "Desligado",
    "BatBackup": "Desligado",
    "Odometro": 4406,
    "Hourmeter": 17220
  },
  {
    "idPosicao": 26854598507,
    "Frota": "0",
    "Placa": "JXJ 3482",
    "Modelo": "RANDON SRFG CG",
    "Data": "18/02/2026 08:41:36",
    "Velocidade": 0,
    "Satelite": 15,
    "Ignicao": "Desligado",
    "Direcao": "Norte",
    "UF": "AM",
    "Cidade": "Manaus",
    "Bairro": "Distrito Industrial I",
    "Endereco": "Avenida Buriti",
    "Numero": 1232,
    "CEP": "69075000",
    "Latitude": "-3,122142",
    "Longitude": "-59,979924",
    "idEquipamento": 20250917122789,
    "idVeiculo": 20260211140607,
    "Bloqueio": "Desligado",
    "BatBackup": "Desligado",
    "Odometro": 0,
    "Hourmeter": 900
  },
  {
    "idPosicao": 26856771162,
    "Frota": "0",
    "Placa": "OAD 2547",
    "Modelo": "RANDON SRFG SG",
    "Data": "18/02/2026 09:55:03",
    "Velocidade": 0,
    "Satelite": 15,
    "Ignicao": "Desligado",
    "Direcao": "Sudeste",
    "UF": "AM",
    "Cidade": "Manaus",
    "Bairro": "Compensa",
    "Endereco": "Avenida Coronel Cyrillo Neves",
    "Numero": 193,
    "CEP": "69035350",
    "Latitude": "-3,105207",
    "Longitude": "-60,068547",
    "idEquipamento": 20250711080788,
    "idVeiculo": 20260128175811,
    "Bloqueio": "Desligado",
    "BatBackup": "Desligado",
    "Odometro": 5047,
    "Hourmeter": 11220
  },
  {
    "idPosicao": 26856611908,
    "Frota": "0",
    "Placa": "OAD 2587",
    "Modelo": "RANDON SRFG SG",
    "Data": "18/02/2026 09:49:44",
    "Velocidade": 0,
    "Satelite": 15,
    "Ignicao": "Desligado",
    "Direcao": "Norte",
    "UF": "AM",
    "Cidade": "Manaus",
    "Bairro": "Compensa",
    "Endereco": "Avenida Coronel Cyrillo Neves",
    "Numero": 207,
    "CEP": "69035350",
    "Latitude": "-3,105138",
    "Longitude": "-60,068516",
    "idEquipamento": 20251203082622,
    "idVeiculo": 20260128175814,
    "Bloqueio": "Desligado",
    "BatBackup": "Desligado",
    "Odometro": 4233,
    "Hourmeter": 10680
  },
  {
    "idPosicao": 26857978407,
    "Frota": "0",
    "Placa": "JXJ 3396",
    "Modelo": "RANDON SR FG",
    "Data": "18/02/2026 10:35:06",
    "Velocidade": 0,
    "Satelite": 15,
    "Ignicao": "Desligado",
    "Direcao": "Norte",
    "UF": "AM",
    "Cidade": "Manaus",
    "Bairro": "Distrito Industrial I",
    "Endereco": "Avenida Buriti",
    "Numero": 1344,
    "CEP": "69075000",
    "Latitude": "-3,121696",
    "Longitude": "-59,979013",
    "idEquipamento": 20251203082612,
    "idVeiculo": 20260128175826,
    "Bloqueio": "Desligado",
    "BatBackup": "Desligado",
    "Odometro": 4557,
    "Hourmeter": 11160
  },
  {
    "idPosicao": 26851170759,
    "Frota": "0",
    "Placa": "JXJ 3542",
    "Modelo": "CARRETA BAU",
    "Data": "18/02/2026 06:23:07",
    "Velocidade": 0,
    "Satelite": 11,
    "Ignicao": "Desligado",
    "Direcao": "Leste",
    "UF": "SP",
    "Cidade": "Campinas",
    "Bairro": "Distrito Industrial",
    "Endereco": "Avenida Mercedes Benz",
    "Numero": 119,
    "CEP": "13054751",
    "Latitude": "-22,995756",
    "Longitude": "-47,130262",
    "idEquipamento": 20251203082785,
    "idVeiculo": 20260128175839,
    "Bloqueio": "Desligado",
    "BatBackup": "Desligado",
    "Odometro": 1569,
    "Hourmeter": 3000
  },
  {
    "idPosicao": 26859517020,
    "Frota": "FT 3359 S",
    "Placa": "NOR 0075",
    "Modelo": "RANDON SR FG",
    "Data": "18/02/2026 11:25:34",
    "Velocidade": 0,
    "Satelite": 15,
    "Ignicao": "Desligado",
    "Direcao": "Norte",
    "UF": "SP",
    "Cidade": "Campinas",
    "Bairro": "Distrito Industrial",
    "Endereco": "Avenida Mercedes Benz",
    "Numero": 2,
    "CEP": "00013054",
    "Latitude": "-22,993684",
    "Longitude": "-47,1302",
    "idEquipamento": 20240612175877,
    "idVeiculo": 20231006155024,
    "Bloqueio": "Desligado",
    "BatBackup": "Desligado",
    "Odometro": 45095,
    "Hourmeter": 75000
  },
  {
    "idPosicao": 26860430806,
    "Frota": "3231",
    "Placa": "JXS 8936",
    "Modelo": "RANDON SRFG CG",
    "Data": "18/02/2026 11:54:41",
    "Velocidade": 0,
    "Satelite": 15,
    "Ignicao": "Desligado",
    "Direcao": "Oeste",
    "UF": "SP",
    "Cidade": "Campinas",
    "Bairro": "Distrito Industrial",
    "Endereco": "Avenida Mercedes Benz",
    "Numero": 955,
    "CEP": "13054740",
    "Latitude": "-22,993924",
    "Longitude": "-47,130378",
    "idEquipamento": 20250917122837,
    "idVeiculo": 20260115101146,
    "Bloqueio": "Desligado",
    "BatBackup": "Desligado",
    "Odometro": 4515,
    "Hourmeter": 11040
  },
  {
    "idPosicao": 26861948332,
    "Frota": "0",
    "Placa": "JXM 8824",
    "Modelo": "CARRETA BAU",
    "Data": "18/02/2026 12:45:21",
    "Velocidade": 0,
    "Satelite": 15,
    "Ignicao": "Desligado",
    "Direcao": "Sul",
    "UF": "AM",
    "Cidade": "Manaus",
    "Bairro": "",
    "Endereco": "Acesso Ao Porto Da Fogas",
    "Numero": 0,
    "CEP": "00000000",
    "Latitude": "-3,153663",
    "Longitude": "-59,996458",
    "idEquipamento": 20251203082653,
    "idVeiculo": 20260128175838,
    "Bloqueio": "Desligado",
    "BatBackup": "Desligado",
    "Odometro": 5244,
    "Hourmeter": 14340
  },
  {
    "idPosicao": 26861910125,
    "Frota": "0",
    "Placa": "JXI 7553",
    "Modelo": "RANDON SR FG",
    "Data": "18/02/2026 12:44:04",
    "Velocidade": 0,
    "Satelite": 15,
    "Ignicao": "Desligado",
    "Direcao": "Leste",
    "UF": "AM",
    "Cidade": "Manaus",
    "Bairro": "",
    "Endereco": "Beco Di Gregório",
    "Numero": 364,
    "CEP": "00000000",
    "Latitude": "-3,153808",
    "Longitude": "-59,994729",
    "idEquipamento": 20251203082549,
    "idVeiculo": 20260128175823,
    "Bloqueio": "Desligado",
    "BatBackup": "Desligado",
    "Odometro": 5139,
    "Hourmeter": 13500
  },
  {
    "idPosicao": 26848515863,
    "Frota": "FT 3442",
    "Placa": "JXW 3651",
    "Modelo": "RANDONSP SRFG CG",
    "Data": "18/02/2026 02:53:13",
    "Velocidade": 0,
    "Satelite": 10,
    "Ignicao": "Desligado",
    "Direcao": "Norte",
    "UF": "PA",
    "Cidade": "Belém",
    "Bairro": "Pratinha (Icoaraci)",
    "Endereco": "Rodovia Artur Bernardes",
    "Numero": 1018,
    "CEP": "00066825",
    "Latitude": "-1,356738",
    "Longitude": "-48,481174",
    "idEquipamento": 20230228161293,
    "idVeiculo": 20230119101118,
    "Bloqueio": "Desligado",
    "BatBackup": "Ligado",
    "Odometro": 115213,
    "Hourmeter": 0
  },
  {
    "idPosicao": 26846180505,
    "Frota": "0",
    "Placa": "OAK 2896",
    "Modelo": "RANDONSP SRFG CG",
    "Data": "17/02/2026 23:22:34",
    "Velocidade": 21,
    "Satelite": 15,
    "Ignicao": "Ligado",
    "Direcao": "Sudeste",
    "UF": "PA",
    "Cidade": "Óbidos",
    "Bairro": "",
    "Endereco": "Sem Nome",
    "Numero": 318,
    "CEP": "68250000",
    "Latitude": "-1,936098",
    "Longitude": "-55,512898",
    "idEquipamento": 20250917122761,
    "idVeiculo": 20230119101133,
    "Bloqueio": "Desligado",
    "BatBackup": "Desligado",
    "Odometro": 570,
    "Hourmeter": 2520
  },
  {
    "idPosicao": 26856771125,
    "Frota": "0",
    "Placa": "JXE 9672",
    "Modelo": "RANDON SR FG",
    "Data": "18/02/2026 09:54:54",
    "Velocidade": 0,
    "Satelite": 15,
    "Ignicao": "Desligado",
    "Direcao": "Sudeste",
    "UF": "AM",
    "Cidade": "Manaus",
    "Bairro": "Distrito Industrial I",
    "Endereco": "Avenida Buriti",
    "Numero": 1236,
    "CEP": "69075000",
    "Latitude": "-3,122157",
    "Longitude": "-59,980111",
    "idEquipamento": 20250917122765,
    "idVeiculo": 20260105152230,
    "Bloqueio": "Desligado",
    "BatBackup": "Desligado",
    "Odometro": 0,
    "Hourmeter": 900
  },
  {
    "idPosicao": 26855171553,
    "Frota": "FL3467",
    "Placa": "FFL 4921 S",
    "Modelo": "RANDONSP SRFG CG",
    "Data": "18/02/2026 09:01:25",
    "Velocidade": 0,
    "Satelite": 15,
    "Ignicao": "Desligado",
    "Direcao": "Sul",
    "UF": "SP",
    "Cidade": "Campinas",
    "Bairro": "Distrito Industrial",
    "Endereco": "Rua dos Metalúrgicos",
    "Numero": 751,
    "CEP": "13054751",
    "Latitude": "-22,996127",
    "Longitude": "-47,130133",
    "idEquipamento": 20250917122850,
    "idVeiculo": 20260115100326,
    "Bloqueio": "Desligado",
    "BatBackup": "Desligado",
    "Odometro": 4499,
    "Hourmeter": 14280
  },
  {
    "idPosicao": 26862852512,
    "Frota": "3187",
    "Placa": "JXE 9712 S",
    "Modelo": "RANDON SR FG",
    "Data": "18/02/2026 13:15:25",
    "Velocidade": 59,
    "Satelite": 15,
    "Ignicao": "Ligado",
    "Direcao": "Oeste",
    "UF": "PA",
    "Cidade": "Santa Maria Do Pará",
    "Bairro": "",
    "Endereco": "Rodovia BR-010",
    "Numero": 47,
    "CEP": "68738000",
    "Latitude": "-1,340067",
    "Longitude": "-47,575276",
    "idEquipamento": 20250917122949,
    "idVeiculo": 20260112155534,
    "Bloqueio": "Desligado",
    "BatBackup": "Desligado",
    "Odometro": 5687,
    "Hourmeter": 19140
  },
  {
    "idPosicao": 26857496944,
    "Frota": "0",
    "Placa": "JXU 8855",
    "Modelo": "SRFG CG",
    "Data": "18/02/2026 10:19:06",
    "Velocidade": 0,
    "Satelite": 15,
    "Ignicao": "Desligado",
    "Direcao": "Norte",
    "UF": "PA",
    "Cidade": "Belém",
    "Bairro": "Pratinha (Icoaraci)",
    "Endereco": "Rodovia Artur Bernardes",
    "Numero": 1182,
    "CEP": "00066825",
    "Latitude": "-1,355878",
    "Longitude": "-48,479982",
    "idEquipamento": 20251203082679,
    "idVeiculo": 20260128175832,
    "Bloqueio": "Desligado",
    "BatBackup": "Desligado",
    "Odometro": 4043,
    "Hourmeter": 7380
  },
  {
    "idPosicao": 26862970204,
    "Frota": "3319",
    "Placa": "NOL 3919",
    "Modelo": "RANDONSP SRFG CG",
    "Data": "18/02/2026 13:19:17",
    "Velocidade": 11,
    "Satelite": 15,
    "Ignicao": "Ligado",
    "Direcao": "Noroeste",
    "UF": "PA",
    "Cidade": "Santarém",
    "Bairro": "",
    "Endereco": "Sem Nome",
    "Numero": 0,
    "CEP": "00000000",
    "Latitude": "-2,29851",
    "Longitude": "-54,718351",
    "idEquipamento": 20250711080715,
    "idVeiculo": 20260112153811,
    "Bloqueio": "Desligado",
    "BatBackup": "Desligado",
    "Odometro": 7850,
    "Hourmeter": 22560
  },
  {
    "idPosicao": 26858547075,
    "Frota": "0",
    "Placa": "JXU 2145",
    "Modelo": "CARRETA BAU",
    "Data": "18/02/2026 10:53:36",
    "Velocidade": 0,
    "Satelite": 15,
    "Ignicao": "Desligado",
    "Direcao": "Norte",
    "UF": "AP",
    "Cidade": "Santana",
    "Bairro": "",
    "Endereco": "Rodovia AP-010",
    "Numero": 0,
    "CEP": "00000000",
    "Latitude": "-,014652",
    "Longitude": "-51,202342",
    "idEquipamento": 20250917122935,
    "idVeiculo": 20260128175833,
    "Bloqueio": "Desligado",
    "BatBackup": "Desligado",
    "Odometro": 3496,
    "Hourmeter": 7500
  },
  {
    "idPosicao": 26853757802,
    "Frota": "3413",
    "Placa": "OAG 5880",
    "Modelo": "RANDONSP SRFG CG",
    "Data": "18/02/2026 08:11:43",
    "Velocidade": 0,
    "Satelite": 6,
    "Ignicao": "Desligado",
    "Direcao": "Norte",
    "UF": "PA",
    "Cidade": "Castanhal",
    "Bairro": "",
    "Endereco": "Sem Nome",
    "Numero": 0,
    "CEP": "00000000",
    "Latitude": "-1,337323",
    "Longitude": "-47,904116",
    "idEquipamento": 20250917122867,
    "idVeiculo": 20260105152519,
    "Bloqueio": "Desligado",
    "BatBackup": "Desligado",
    "Odometro": 1540,
    "Hourmeter": 8640
  },
  {
    "idPosicao": 26838164652,
    "Frota": "0",
    "Placa": "JXJ 9632",
    "Modelo": "RANDON SR FG",
    "Data": "17/02/2026 16:33:19",
    "Velocidade": 16,
    "Satelite": 15,
    "Ignicao": "Ligado",
    "Direcao": "Oeste",
    "UF": "PA",
    "Cidade": "Oeiras Do Pará",
    "Bairro": "",
    "Endereco": "Balsa Breves-Barcarena",
    "Numero": 0,
    "CEP": "00000000",
    "Latitude": "-1,813943",
    "Longitude": "-49,927302",
    "idEquipamento": 20251203082682,
    "idVeiculo": 20260128175840,
    "Bloqueio": "Desligado",
    "BatBackup": "Desligado",
    "Odometro": 4011,
    "Hourmeter": 9540
  },
  {
    "idPosicao": 26852440413,
    "Frota": "3347",
    "Placa": "NOP 4124 S",
    "Modelo": "RANDONSP SRFG CG",
    "Data": "18/02/2026 07:21:28",
    "Velocidade": 0,
    "Satelite": 15,
    "Ignicao": "Desligado",
    "Direcao": "Noroeste",
    "UF": "SP",
    "Cidade": "Cajamar",
    "Bairro": "",
    "Endereco": "Rua Interna Um",
    "Numero": 200,
    "CEP": "07750000",
    "Latitude": "-23,356429",
    "Longitude": "-46,853693",
    "idEquipamento": 20250711080707,
    "idVeiculo": 20260112160426,
    "Bloqueio": "Desligado",
    "BatBackup": "Desligado",
    "Odometro": 4527,
    "Hourmeter": 15240
  },
  {
    "idPosicao": 26859938329,
    "Frota": "3318",
    "Placa": "NOJ 0280",
    "Modelo": "RANDONSP SRFG CG",
    "Data": "18/02/2026 11:38:45",
    "Velocidade": 0,
    "Satelite": 15,
    "Ignicao": "Desligado",
    "Direcao": "Leste",
    "UF": "BA",
    "Cidade": "Camaçari",
    "Bairro": "Verdes Horizontes",
    "Endereco": "Rua Costa Azul",
    "Numero": 0,
    "CEP": "00000000",
    "Latitude": "-12,740849",
    "Longitude": "-38,317502",
    "idEquipamento": 20250917122840,
    "idVeiculo": 20260115095711,
    "Bloqueio": "Desligado",
    "BatBackup": "Desligado",
    "Odometro": 3614,
    "Hourmeter": 12360
  },
  {
    "idPosicao": 26860942117,
    "Frota": "0",
    "Placa": "NON 8775",
    "Modelo": "SRFG CG",
    "Data": "18/02/2026 12:11:59",
    "Velocidade": 0,
    "Satelite": 15,
    "Ignicao": "Desligado",
    "Direcao": "Nordeste",
    "UF": "PA",
    "Cidade": "Paragominas",
    "Bairro": "",
    "Endereco": "Rua Bela Vista",
    "Numero": 0,
    "CEP": "00000000",
    "Latitude": "-2,986263",
    "Longitude": "-47,45548",
    "idEquipamento": 20251203082559,
    "idVeiculo": 20260128175847,
    "Bloqueio": "Desligado",
    "BatBackup": "Desligado",
    "Odometro": 3545,
    "Hourmeter": 6120
  },
  {
    "idPosicao": 26858553648,
    "Frota": "0",
    "Placa": "NOS 8913",
    "Modelo": "SRFG CG",
    "Data": "18/02/2026 10:53:47",
    "Velocidade": 0,
    "Satelite": 15,
    "Ignicao": "Desligado",
    "Direcao": "Norte",
    "UF": "AP",
    "Cidade": "Santana",
    "Bairro": "",
    "Endereco": "Rodovia AP-010",
    "Numero": 0,
    "CEP": "00000000",
    "Latitude": "-,014577",
    "Longitude": "-51,202311",
    "idEquipamento": 20251203082686,
    "idVeiculo": 20260128175845,
    "Bloqueio": "Desligado",
    "BatBackup": "Desligado",
    "Odometro": 4392,
    "Hourmeter": 9240
  },
  {
    "idPosicao": 26862646447,
    "Frota": "0",
    "Placa": "JXM 5794",
    "Modelo": "RANDON SRFG CG",
    "Data": "18/02/2026 13:08:33",
    "Velocidade": 0,
    "Satelite": 15,
    "Ignicao": "Desligado",
    "Direcao": "Norte",
    "UF": "AM",
    "Cidade": "Manaus",
    "Bairro": "Distrito Industrial I",
    "Endereco": "Avenida Buriti",
    "Numero": 1348,
    "CEP": "69075000",
    "Latitude": "-3,121387",
    "Longitude": "-59,979476",
    "idEquipamento": 20250917122839,
    "idVeiculo": 20260211140611,
    "Bloqueio": "Desligado",
    "BatBackup": "Desligado",
    "Odometro": 0,
    "Hourmeter": 1920
  },
  {
    "idPosicao": 26862889761,
    "Frota": "0",
    "Placa": "OAF 6507",
    "Modelo": "RANDON SRFG SG",
    "Data": "18/02/2026 13:16:37",
    "Velocidade": 0,
    "Satelite": 11,
    "Ignicao": "Ligado",
    "Direcao": "Norte",
    "UF": "SP",
    "Cidade": "Campinas",
    "Bairro": "Distrito Industrial",
    "Endereco": "Rua dos Metalúrgicos",
    "Numero": 751,
    "CEP": "13054751",
    "Latitude": "-22,995684",
    "Longitude": "-47,129942",
    "idEquipamento": 20251203082608,
    "idVeiculo": 20260128175818,
    "Bloqueio": "Desligado",
    "BatBackup": "Desligado",
    "Odometro": 227,
    "Hourmeter": 2280
  },
  {
    "idPosicao": 26838164867,
    "Frota": "0",
    "Placa": "NOP 4614",
    "Modelo": "SRFG CG",
    "Data": "17/02/2026 16:33:55",
    "Velocidade": 16,
    "Satelite": 15,
    "Ignicao": "Ligado",
    "Direcao": "Oeste",
    "UF": "PA",
    "Cidade": "Oeiras Do Pará",
    "Bairro": "",
    "Endereco": "Balsa Breves-Barcarena",
    "Numero": 0,
    "CEP": "00000000",
    "Latitude": "-1,814037",
    "Longitude": "-49,927476",
    "idEquipamento": 20251203082671,
    "idVeiculo": 20260128175848,
    "Bloqueio": "Desligado",
    "BatBackup": "Desligado",
    "Odometro": 4049,
    "Hourmeter": 7080
  },
  {
    "idPosicao": 26861102608,
    "Frota": "0",
    "Placa": "NOO 5546",
    "Modelo": "CARRETA BAU",
    "Data": "18/02/2026 12:17:12",
    "Velocidade": 0,
    "Satelite": 15,
    "Ignicao": "Desligado",
    "Direcao": "Sul",
    "UF": "PA",
    "Cidade": "Ananindeua",
    "Bairro": "Levilandia",
    "Endereco": "Rua Belo Horizonte",
    "Numero": 116,
    "CEP": "67000000",
    "Latitude": "-1,37706",
    "Longitude": "-48,402338",
    "idEquipamento": 20251203082618,
    "idVeiculo": 20260128175849,
    "Bloqueio": "Desligado",
    "BatBackup": "Desligado",
    "Odometro": 3177,
    "Hourmeter": 6120
  },
  {
    "idPosicao": 26861648309,
    "Frota": "3177",
    "Placa": "JXY 3297",
    "Modelo": "RANDON SR FG",
    "Data": "18/02/2026 12:31:10",
    "Velocidade": 67,
    "Satelite": 15,
    "Ignicao": "Ligado",
    "Direcao": "Norte",
    "UF": "PA",
    "Cidade": "Ulianópolis",
    "Bairro": "",
    "Endereco": "Rodovia Belém Brasilia/BR-010",
    "Numero": 0,
    "CEP": "68632000",
    "Latitude": "-4,075453",
    "Longitude": "-47,544996",
    "idEquipamento": 20250917122847,
    "idVeiculo": 20260115102731,
    "Bloqueio": "Desligado",
    "BatBackup": "Desligado",
    "Odometro": 7227,
    "Hourmeter": 16320
  },
  {
    "idPosicao": 26857100122,
    "Frota": "0",
    "Placa": "JXW 4415",
    "Modelo": "SRFG CG",
    "Data": "18/02/2026 10:05:56",
    "Velocidade": 0,
    "Satelite": 8,
    "Ignicao": "Desligado",
    "Direcao": "Norte",
    "UF": "SP",
    "Cidade": "Cajamar",
    "Bairro": "",
    "Endereco": "Rua Interna Três",
    "Numero": 0,
    "CEP": "00000000",
    "Latitude": "-23,356489",
    "Longitude": "-46,853036",
    "idEquipamento": 20250917122844,
    "idVeiculo": 20260129144355,
    "Bloqueio": "Desligado",
    "BatBackup": "Desligado",
    "Odometro": 4463,
    "Hourmeter": 10620
  },
  {
    "idPosicao": 26859382659,
    "Frota": "0",
    "Placa": "OAA 9108",
    "Modelo": "CARRETA BAU",
    "Data": "18/02/2026 11:21:04",
    "Velocidade": 103,
    "Satelite": 15,
    "Ignicao": "Ligado",
    "Direcao": "Norte",
    "UF": "MA",
    "Cidade": "Itinga Do Maranhão",
    "Bairro": "",
    "Endereco": "Rodovia BR-010/BR-222",
    "Numero": 0,
    "CEP": "00000000",
    "Latitude": "-4,621945",
    "Longitude": "-47,493791",
    "idEquipamento": 20251203082623,
    "idVeiculo": 20260128175815,
    "Bloqueio": "Desligado",
    "BatBackup": "Desligado",
    "Odometro": 2717,
    "Hourmeter": 5220
  },
  {
    "idPosicao": 26859825626,
    "Frota": "0",
    "Placa": "NOO 5656 S",
    "Modelo": "SRFG CG",
    "Data": "18/02/2026 11:35:11",
    "Velocidade": 18,
    "Satelite": 15,
    "Ignicao": "Ligado",
    "Direcao": "Sul",
    "UF": "MA",
    "Cidade": "Açailândia",
    "Bairro": "",
    "Endereco": "Rodovia BR-010",
    "Numero": 105,
    "CEP": "65907230",
    "Latitude": "-5,020453",
    "Longitude": "-47,547667",
    "idEquipamento": 20250917122866,
    "idVeiculo": 20260129145059,
    "Bloqueio": "Desligado",
    "BatBackup": "Desligado",
    "Odometro": 2124,
    "Hourmeter": 11700
  },
  {
    "idPosicao": 26859738518,
    "Frota": "3165",
    "Placa": "JXJ 6076",
    "Modelo": "RANDON SR FG",
    "Data": "18/02/2026 11:32:23",
    "Velocidade": 72,
    "Satelite": 15,
    "Ignicao": "Ligado",
    "Direcao": "Sudeste",
    "UF": "MG",
    "Cidade": "Prata",
    "Bairro": "",
    "Endereco": "Rodovia Transbrasiliana/BR-153",
    "Numero": 0,
    "CEP": "38140000",
    "Latitude": "-19,333093",
    "Longitude": "-48,903742",
    "idEquipamento": 20250711080763,
    "idVeiculo": 20260114110951,
    "Bloqueio": "Desligado",
    "BatBackup": "Desligado",
    "Odometro": 3801,
    "Hourmeter": 13380
  },
  {
    "idPosicao": 26860646218,
    "Frota": "3422",
    "Placa": "OAG 0390",
    "Modelo": "RANDONSP SRFG CG",
    "Data": "18/02/2026 12:02:13",
    "Velocidade": 0,
    "Satelite": 15,
    "Ignicao": "Desligado",
    "Direcao": "Sudeste",
    "UF": "PA",
    "Cidade": "Belém",
    "Bairro": "Tapanã (Icoaraci)",
    "Endereco": "Rodovia Artur Bernardes",
    "Numero": 1018,
    "CEP": "00066825",
    "Latitude": "-1,355945",
    "Longitude": "-48,47884",
    "idEquipamento": 20250711080854,
    "idVeiculo": 20260109112616,
    "Bloqueio": "Desligado",
    "BatBackup": "Desligado",
    "Odometro": 6920,
    "Hourmeter": 16440
  },
  {
    "idPosicao": 26862951164,
    "Frota": "0",
    "Placa": "NOL 3779",
    "Modelo": "RANDONSP SRFG CG",
    "Data": "18/02/2026 13:18:39",
    "Velocidade": 0,
    "Satelite": 15,
    "Ignicao": "Ligado",
    "Direcao": "Norte",
    "UF": "AM",
    "Cidade": "Manaus",
    "Bairro": "",
    "Endereco": "Sem Nome",
    "Numero": 0,
    "CEP": "00000000",
    "Latitude": "-3,158707",
    "Longitude": "-59,994858",
    "idEquipamento": 20251203082791,
    "idVeiculo": 20260105152740,
    "Bloqueio": "Desligado",
    "BatBackup": "Desligado",
    "Odometro": 6047,
    "Hourmeter": 15780
  },
  {
    "idPosicao": 26862881641,
    "Frota": "3287",
    "Placa": "JXH 2572",
    "Modelo": "RANDON SRFG CG",
    "Data": "18/02/2026 13:16:08",
    "Velocidade": 10,
    "Satelite": 15,
    "Ignicao": "Ligado",
    "Direcao": "Sudoeste",
    "UF": "AM",
    "Cidade": "Itacoatiara",
    "Bairro": "",
    "Endereco": "Sem Nome",
    "Numero": 0,
    "CEP": "00000000",
    "Latitude": "-3,176918",
    "Longitude": "-58,521893",
    "idEquipamento": 20250917122851,
    "idVeiculo": 20260105151058,
    "Bloqueio": "Desligado",
    "BatBackup": "Desligado",
    "Odometro": 3068,
    "Hourmeter": 18420
  },
  {
    "idPosicao": 26845545684,
    "Frota": "3376",
    "Placa": "OAD 1666",
    "Modelo": "RANDONSP SRFG CG",
    "Data": "17/02/2026 22:36:40",
    "Velocidade": 9,
    "Satelite": 12,
    "Ignicao": "Ligado",
    "Direcao": "Norte",
    "UF": "PA",
    "Cidade": "Breves",
    "Bairro": "",
    "Endereco": "Sem Nome",
    "Numero": 0,
    "CEP": "68800000",
    "Latitude": "-1,694448",
    "Longitude": "-50,588049",
    "idEquipamento": 20250711080831,
    "idVeiculo": 20260114111757,
    "Bloqueio": "Desligado",
    "BatBackup": "Desligado",
    "Odometro": 7765,
    "Hourmeter": 21720
  },
  {
    "idPosicao": 26862967984,
    "Frota": "3346",
    "Placa": "NOP 4114",
    "Modelo": "RANDONSP SRFG CG ",
    "Data": "18/02/2026 13:19:11",
    "Velocidade": 0,
    "Satelite": 15,
    "Ignicao": "Ligado",
    "Direcao": "Sudoeste",
    "UF": "PE",
    "Cidade": "Bezerros",
    "Bairro": "",
    "Endereco": "Rodovia BR-232",
    "Numero": 0,
    "CEP": "55660000",
    "Latitude": "-8,268544",
    "Longitude": "-35,807511",
    "idEquipamento": 20250917122843,
    "idVeiculo": 20260105153043,
    "Bloqueio": "Desligado",
    "BatBackup": "Desligado",
    "Odometro": 3917,
    "Hourmeter": 15000
  },
  {
    "idPosicao": 26862915463,
    "Frota": "0",
    "Placa": "NOL 3929",
    "Modelo": "CARRETA BAU",
    "Data": "18/02/2026 13:15:45",
    "Velocidade": 9,
    "Satelite": 15,
    "Ignicao": "Ligado",
    "Direcao": "Noroeste",
    "UF": "PA",
    "Cidade": "Óbidos",
    "Bairro": "",
    "Endereco": "Sem Nome",
    "Numero": 0,
    "CEP": "00000000",
    "Latitude": "-1,955887",
    "Longitude": "-55,421542",
    "idEquipamento": 20251203082677,
    "idVeiculo": 20260128175843,
    "Bloqueio": "Desligado",
    "BatBackup": "Desligado",
    "Odometro": 4655,
    "Hourmeter": 11880
  },
  {
    "idPosicao": 26862956421,
    "Frota": "0",
    "Placa": "JXH 2492",
    "Modelo": "RANDON SRFG CG",
    "Data": "18/02/2026 13:18:47",
    "Velocidade": 0,
    "Satelite": 10,
    "Ignicao": "Ligado",
    "Direcao": "Norte",
    "UF": "AM",
    "Cidade": "Manaus",
    "Bairro": "Distrito Industrial I",
    "Endereco": "Rua Matrinxã",
    "Numero": 334,
    "CEP": "69075150",
    "Latitude": "-3,123342",
    "Longitude": "-59,977231",
    "idEquipamento": 20250917122951,
    "idVeiculo": 20260211140609,
    "Bloqueio": "Desligado",
    "BatBackup": "Desligado",
    "Odometro": 56,
    "Hourmeter": 4680
  },
  {
    "idPosicao": 26857433300,
    "Frota": "3383",
    "Placa": "OAD 2457",
    "Modelo": "RANDONSP SRFG CG",
    "Data": "18/02/2026 10:16:55",
    "Velocidade": 0,
    "Satelite": 15,
    "Ignicao": "Desligado",
    "Direcao": "Norte",
    "UF": "PA",
    "Cidade": "Belém",
    "Bairro": "Tapanã (Icoaraci)",
    "Endereco": "Rodovia Artur Bernardes",
    "Numero": 1182,
    "CEP": "00066825",
    "Latitude": "-1,355823",
    "Longitude": "-48,480476",
    "idEquipamento": 20250917122854,
    "idVeiculo": 20260112154431,
    "Bloqueio": "Desligado",
    "BatBackup": "Desligado",
    "Odometro": 6075,
    "Hourmeter": 16740
  },
  {
    "idPosicao": 26859799361,
    "Frota": "0",
    "Placa": "OAG 0330",
    "Modelo": "SRFG CG",
    "Data": "18/02/2026 11:34:30",
    "Velocidade": 39,
    "Satelite": 15,
    "Ignicao": "Ligado",
    "Direcao": "Sul",
    "UF": "MA",
    "Cidade": "Açailândia",
    "Bairro": "",
    "Endereco": "Rodovia BR-010",
    "Numero": 105,
    "CEP": "65907230",
    "Latitude": "-5,019247",
    "Longitude": "-47,547631",
    "idEquipamento": 20250917122845,
    "idVeiculo": 20260129144518,
    "Bloqueio": "Desligado",
    "BatBackup": "Desligado",
    "Odometro": 2176,
    "Hourmeter": 9120
  },
  {
    "idPosicao": 26860715237,
    "Frota": "0",
    "Placa": "NOM 0329",
    "Modelo": "RANDON SR FG",
    "Data": "18/02/2026 12:04:31",
    "Velocidade": 0,
    "Satelite": 15,
    "Ignicao": "Desligado",
    "Direcao": "Norte",
    "UF": "AM",
    "Cidade": "Manaus",
    "Bairro": "Tarumã",
    "Endereco": "Avenida do Turismo",
    "Numero": 11349,
    "CEP": "69041010",
    "Latitude": "-2,994483",
    "Longitude": "-60,050724",
    "idEquipamento": 20250917122793,
    "idVeiculo": 20231006155021,
    "Bloqueio": "Desligado",
    "BatBackup": "Desligado",
    "Odometro": 28,
    "Hourmeter": 1620
  }
]