[
  {
    "Placa": "FFL 4921 S",
    "idVeiculo": 20260115100326
  },
  {
    "Placa": "JXB 6621",
    "idVeiculo": 20260211140523
  },
  {
    "Placa": "JXB 7411",
    "idVeiculo": 20260128175827
  },
  {
    "Placa": "JXE 9672",
    "idVeiculo": 20260105152230
  },
  {
    "Placa": "JXE 9712 S",
    "idVeiculo": 20260112155534
  },
  {
    "Placa": "JXG 4736",
    "idVeiculo": 20230119101206
  },
  {
    "Placa": "JXH 2492",
    "idVeiculo": 20260211140609
  },
  {
    "Placa": "JXH 2572",
    "idVeiculo": 20260105151058
  },
  {
    "Placa": "JXI 7553",
    "idVeiculo": 20260128175823
  },
  {
    "Placa": "JXJ 3396",
    "idVeiculo": 20260128175826
  },
  {
    "Placa": "JXJ 3482",
    "idVeiculo": 20260211140607
  },
  {
    "Placa": "JXJ 3542",
    "idVeiculo": 20260128175839
  },
  {
    "Placa": "JXJ 6076",
    "idVeiculo": 20260114110951
  },
  {
    "Placa": "JXJ 9632",
    "idVeiculo": 20260128175840
  },
  {
    "Placa": "JXM 5794",
    "idVeiculo": 20260211140611
  },
  {
    "Placa": "JXM 8824",
    "idVeiculo": 20260128175838
  },
  {
    "Placa": "JXN 6747",
    "idVeiculo": 20230119101210
  },
  {
    "Placa": "JXO 2114",
    "idVeiculo": 20260115095248
  },
  {
    "Placa": "JXP 3907",
    "idVeiculo": 20230516071547
  },
  {
    "Placa": "JXQ 6153",
    "idVeiculo": 20260115102506
  },
  {
    "Placa": "JXS 8936",
    "idVeiculo": 20260115101146
  },
  {
    "Placa": "JXU 2145",
    "idVeiculo": 20260128175833
  },
  {
    "Placa": "JXU 3061 S",
    "idVeiculo": 20260112163725
  },
  {
    "Placa": "JXU 8855",
    "idVeiculo": 20260128175832
  },
  {
    "Placa": "JXW 3651",
    "idVeiculo": 20230119101118
  },
  {
    "Placa": "JXW 4385",
    "idVeiculo": 20260128175835
  },
  {
    "Placa": "JXW 4415",
    "idVeiculo": 20260129144355
  },
  {
    "Placa": "JXY 3297",
    "idVeiculo": 20260115102731
  },
  {
    "Placa": "NOJ 0280",
    "idVeiculo": 20260115095711
  },
  {
    "Placa": "NOJ 0300",
    "idVeiculo": 20230516072145
  },
  {
    "Placa": "NOL 2802",
    "idVeiculo": 20230119101126
  },
  {
    "Placa": "NOL 3779",
    "idVeiculo": 20260105152740
  },
  {
    "Placa": "NOL 3919",
    "idVeiculo": 20260112153811
  },
  {
    "Placa": "NOL 3929",
    "idVeiculo": 20260128175843
  },
  {
    "Placa": "NOM 0329",
    "idVeiculo": 20231006155021
  },
  {
    "Placa": "NON 8775",
    "idVeiculo": 20260128175847
  },
  {
    "Placa": "NOO 5546",
    "idVeiculo": 20260128175849
  },
  {
    "Placa": "NOO 5656 S",
    "idVeiculo": 20260129145059
  },
  {
    "Placa": "NOP 4114",
    "idVeiculo": 20260105153043
  },
  {
    "Placa": "NOP 4124 S",
    "idVeiculo": 20260112160426
  },
  {
    "Placa": "NOP 4614",
    "idVeiculo": 20260128175848
  },
  {
    "Placa": "NOR 0075",
    "idVeiculo": 20231006155024
  },
  {
    "Placa": "NOS 8903",
    "idVeiculo": 20260128175846
  },
  {
    "Placa": "NOS 8913",
    "idVeiculo": 20260128175845
  },
  {
    "Placa": "OAA 9108",
    "idVeiculo": 20260128175815
  },
  {
    "Placa": "OAD 1666",
    "idVeiculo": 20260114111757
  },
  {
    "Placa": "OAD 2457",
    "idVeiculo": 20260112154431
  },
  {
    "Placa": "OAD 2547",
    "idVeiculo": 20260128175811
  },
  {
    "Placa": "OAD 2587",
    "idVeiculo": 20260128175814
  },
  {
    "Placa": "OAF 6507",
    "idVeiculo": 20260128175818
  },
  {
    "Placa": "OAG 0330",
    "idVeiculo": 20260129144518
  },
  {
    "Placa": "OAG 0390",
    "idVeiculo": 20260109112616
  },
  {
    "Placa": "OAG 5880",
    "idVeiculo": 20260105152519
  },
  {
    "Placa": "OAI 0190",
    "idVeiculo": 20230119101013
  },
  {
    "Placa": "OAJ 0690 S",
    "idVeiculo": 20260112163408
  },
  {
    "Placa": "OAK 2896",
    "idVeiculo": 20230119101133
  }
]